{
  "token_acc":1.0,
  "token_p":1.0,
  "token_r":1.0,
  "token_f":1.0,
  "ents_p":0.7360725523,
  "ents_r":0.7041430595,
  "ents_f":0.7197538684,
  "ents_per_type":{
    "LOC":{
      "p":0.7505841121,
      "r":0.770383693,
      "f":0.7603550296
    },
    "PER":{
      "p":0.7423750811,
      "r":0.7074829932,
      "f":0.724509183
    },
    "ORG":{
      "p":0.7247885491,
      "r":0.6706803131,
      "f":0.6966854284
    },
    "MISC":{
      "p":0.7079934747,
      "r":0.6182336182,
      "f":0.6600760456
    }
  },
  "speed":16057.9789397321
}